Workbook
Name formatResults: [1]ResultsEXR10!$A$50

Sheet Elasticities
B1: Elasticités V2 | I1: Elasticités estimées par l'OFCE (Malliet, 2021)
B2: KL | C2: KE | D2: KM | E2: LE | F2: LM | G2: EM | I2: KL | J2: KE | K2: KM | L2: LE | M2: LM | N2: EM
A3: Agriculture and fishing | B3: ='Elas V2'!C2 -> 0.5 | C3: ='Elas V2'!D2 -> 3.4839883 | D3: ='Elas V2'!E2 -> 0 | E3: ='Elas V2'!F2 -> 0.29404798 | F3: ='Elas V2'!G2 -> 0.15 | G3: 17.814677 | I3: -1.3532678 | J3: 1.2190107 | K3: 0.74856674 | L3: 26.821276 | M3: 0.36277674 | N3: -17.814677
A4: Forestry | B4: =B3 -> 0.5 | C4: =C3 -> 3.4839883 | D4: =D3 -> 0 | E4: =E3 -> 0.29404798 | F4: =F3 -> 0.15 | G4: -6.0545741 | I4: 0.64417518 | J4: -1.8972875 | K4: 0.62980055 | L4: -0.75269494 | M4: 0.41463909 | N4: 6.0545741
A5: Manufacture of food products and beverages | B5: ='Elas V2'!C3 -> 0.5 | C5: ='Elas V2'!D3 -> 9.5214779 | D5: ='Elas V2'!E3 -> 0 | E5: ='Elas V2'!F3 -> 0.57419698 | F5: ='Elas V2'!G3 -> 0.15 | G5: -0.38968347 | I5: 0.40614676 | J5: 1.5187354 | K5: 0.62635141 | L5: 2.0896776 | M5: 0.56421324 | N5: 0.38968347
A6: Manufacture of motor vehicles, trailers and semi-trailers | B6: ='Elas V2'!C4 -> 0.5 | C6: ='Elas V2'!D4 -> 13.909639 | D6: ='Elas V2'!E4 -> 0 | E6: ='Elas V2'!F4 -> 0.78625421 | F6: ='Elas V2'!G4 -> 0.15 | G6: -3.3413199 | I6: -0.011517846 | J6: -0.022248907 | K6: -0.0017644513 | L6: 4.5883197 | M6: 2.2692635 | N6: 3.3413199
A7: Manufacture of glass, ceramic and ciment products | B7: ='Elas V2'!C5 -> 0.5 | C7: ='Elas V2'!D5 -> 2.4588228 | D7: ='Elas V2'!E5 -> 0 | E7: ='Elas V2'!F5 -> 0.24454981 | F7: ='Elas V2'!G5 -> 0.15 | G7: ='Elas V2'!H5 -> 0 | I7: 0.8745595 | J7: 0.8557464 | K7: 0.6520436 | L7: -0.5985235 | M7: 0.41465782 | N7: 1.4270128
A8: Manufacture of paper and paperboard | B8: ='Elas V2'!C7 -> 0.5 | C8: ='Elas V2'!D7 -> 1.2949615 | D8: ='Elas V2'!E7 -> 0 | E8: ='Elas V2'!F7 -> 0.37586403 | F8: ='Elas V2'!G7 -> 0.15 | G8: ='Elas V2'!H7 -> 0 | I8: 1.534536 | J8: 4.4380852 | K8: 2.3821869 | L8: -2.8824855 | M8: 0.66299289 | N8: 0.024542726
A9: Manufacture of chemicals | B9: ='Elas V2'!C8 -> 0.5 | C9: ='Elas V2'!D8 -> 1.0564154 | D9: ='Elas V2'!E8 -> 0 | E9: ='Elas V2'!F8 -> 0.25523581 | F9: ='Elas V2'!G8 -> 0.15 | G9: ='Elas V2'!H8 -> 0 | I9: 1.0172523 | J9: 1.5502188 | K9: 2.2097207 | L9: 0.70225743 | M9: 0.85283663 | N9: 3.6041733
A10: Manufacture of plastics products | B10: ='Elas V2'!C10 -> 0.5 | C10: ='Elas V2'!D10 -> 6.9778723 | D10: ='Elas V2'!E10 -> 0 | E10: ='Elas V2'!F10 -> 0.36003552 | F10: ='Elas V2'!G10 -> 0.15 | G10: ='Elas V2'!H10 -> 0 | I10: 0.70951635 | J10: 0.6107688 | K10: 0.86938428 | L10: -2.0583658 | M10: 0.69568366 | N10: 2.3974471
A11: Metallurgy | B11: ='Elas V2'!C11 -> 0.5 | C11: ='Elas V2'!D11 -> 0.98764225 | D11: ='Elas V2'!E11 -> 0 | E11: ='Elas V2'!F11 -> 0.57172936 | F11: ='Elas V2'!G11 -> 0.15 | G11: ='Elas V2'!H11 -> 0 | I11: 1.738366 | J11: 1.6396056 | K11: 1.3135533 | L11: -0.29610008 | M11: 0.46487485 | N11: 2.1376487
A12: Manufacture of other goods for industry | B12: ='Elas V2'!C13 -> 0.5 | C12: ='Elas V2'!D13 -> 5.058071 | D12: ='Elas V2'!E13 -> 0 | E12: ='Elas V2'!F13 -> 0.41545772 | F12: ='Elas V2'!G13 -> 0.15 | G12: ='Elas V2'!H13 -> 0 | I12: 1.6082716 | J12: 2.8286595 | K12: 1.9348634 | L12: 6.1539387 | M12: 3.0924631 | N12: 9.4654461
A13: Manufacture of other goods for consumers | B13: ='Elas V2'!C13 -> 0.5 | C13: ='Elas V2'!D13 -> 5.058071 | D13: ='Elas V2'!E13 -> 0 | E13: ='Elas V2'!F13 -> 0.41545772 | F13: ='Elas V2'!G13 -> 0.15 | G13: ='Elas V2'!H13 -> 0 | I13: 0.56622788 | J13: 0.39159638 | K13: 0.63785139 | L13: 1.4212566 | M13: 0.59115365 | N13: 2.4800695
A14: Construction of buildings and Civil engineering | B14: ='Elas V2'!C14 -> 0.5 | C14: ='Elas V2'!D14 -> 6.1659006 | D14: ='Elas V2'!E14 -> 0 | E14: ='Elas V2'!F14 -> 0.2946071 | F14: ='Elas V2'!G14 -> 0.15 | G14: ='Elas V2'!H14 -> 0.1 | I14: 2.0076235 | J14: -0.10686136 | K14: 0.78503017 | L14: 0.8660373 | M14: 0.34255537 | N14: 8.1868508
A15: Rail transport | B15: ='Elas V2'!C15 -> 0.5 | C15: ='Elas V2'!D15 -> 1.1322249 | D15: ='Elas V2'!E15 -> 0 | E15: ='Elas V2'!F15 -> 0 | F15: ='Elas V2'!G15 -> 0.15 | G15: ='Elas V2'!H15 -> 0.1 | I15: 0.40333807 | J15: 0.17358482 | K15: -0.023201449 | L15: 0.09355918 | M15: 0.42325069 | N15: 1.9331279
A16: Road transport | B16: ='Elas V2'!C16 -> 0.5 | C16: ='Elas V2'!D16 -> 0.8540693 | D16: ='Elas V2'!E16 -> 0 | E16: ='Elas V2'!F16 -> 0 | F16: ='Elas V2'!G16 -> 0.15 | G16: ='Elas V2'!H16 -> 0.1 | I16: 0.40333807 | J16: 0.17358482 | K16: -0.023201449 | L16: 0.09355918 | M16: 0.42325069 | N16: 1.9331279
A17: Water transport | B17: ='Elas V2'!C18 -> 0.5 | C17: ='Elas V2'!D18 -> 1.1010167 | D17: ='Elas V2'!E18 -> 0 | E17: ='Elas V2'!F18 -> 0 | F17: ='Elas V2'!G18 -> 0.15 | G17: ='Elas V2'!H18 -> 0.1 | I17: 0.16723547 | J17: 0.067303241 | K17: -0.014453684 | L17: -0.058835322 | M17: 0.10764747 | N17: 3.1314893
A18: Air transport | B18: ='Elas V2'!C19 -> 0.5 | C18: ='Elas V2'!D19 -> 0.81493242 | D18: ='Elas V2'!E19 -> 0 | E18: ='Elas V2'!F19 -> 0 | F18: ='Elas V2'!G19 -> 0.15 | G18: ='Elas V2'!H19 -> 0.1 | I18: 2.3051282 | J18: 2.7482434 | K18: 1.9057094 | L18: 6.9532556 | M18: 1.1147717 | N18: 5.9413302
A19: Business services | B19: ='Elas V2'!C20 -> 0.5 | C19: ='Elas V2'!D20 -> 5.604062 | D19: ='Elas V2'!E20 -> 0 | E19: ='Elas V2'!F20 -> 0.24229441 | F19: ='Elas V2'!G20 -> 0.15 | G19: ='Elas V2'!H20 -> 0.1 | I19: 8.6594372 | J19: 8.917101 | K19: 6.5923896 | L19: 3.0707906 | M19: 7.4838366 | N19: 75.441059
A20: Public services | B20: ='Elas V2'!C21 -> 0.5 | C20: ='Elas V2'!D21 -> 4.908964 | D20: ='Elas V2'!E21 -> 0 | E20: ='Elas V2'!F21 -> 0.16040156 | F20: ='Elas V2'!G21 -> 0.15 | G20: ='Elas V2'!H21 -> 0.1 | I20: 1.9450404 | J20: 15.389647 | K20: 1.2788497 | L20: 15.463368 | M20: 2.236363 | N20: 13.91113
A21: Mining | B21: ='Elas V2'!C22 -> 0.3 | C21: ='Elas V2'!D22 -> 0.42406131 | D21: ='Elas V2'!E22 -> 0 | E21: ='Elas V2'!F22 -> 0 | F21: ='Elas V2'!G22 -> 0.15 | G21: ='Elas V2'!H22 -> 0 | I21: 1.6232461 | J21: 1.139352 | K21: 0.46016056 | L21: -3.7393599 | M21: -0.51902037 | N21: 1.210715
A22: Production of refined oil | B22: ='Elas V2'!C23 -> 0.3 | C22: ='Elas V2'!D23 -> 0 | D22: ='Elas V2'!E23 -> 0 | E22: ='Elas V2'!F23 -> 0 | F22: ='Elas V2'!G23 -> 0.15 | G22: ='Elas V2'!H23 -> 0 | I22: 0.17342704 | J22: 0.19568186 | K22: 0.053895097 | L22: 0.69661571 | M22: 0.11767251 | N22: 0.44548428
A23: Production of biofuel | B23: ='Elas V2'!C24 -> 0.3 | C23: ='Elas V2'!D24 -> 0 | D23: ='Elas V2'!E24 -> 0 | E23: ='Elas V2'!F24 -> 0 | F23: ='Elas V2'!G24 -> 0.15 | G23: ='Elas V2'!H24 -> 0 | I23: 0.17342704 | J23: 0.19568186 | K23: 0.053895097 | L23: 0.69661571 | M23: 0.11767251 | N23: 0.44548428
A24: Distribution of natural gas | B24: ='Elas V2'!C33 -> 0.3 | C24: ='Elas V2'!D33 -> 0 | D24: ='Elas V2'!E33 -> 0 | E24: ='Elas V2'!F33 -> 0 | F24: ='Elas V2'!G33 -> 0.15 | G24: ='Elas V2'!H33 -> 0 | I24: 0.17342704 | J24: 0.19568186 | K24: 0.053895097 | L24: 0.69661571 | M24: 0.11767251 | N24: 0.44548428
A25: Production and distribution of biogas | B25: ='Elas V2'!C35 -> 0.3 | C25: ='Elas V2'!D35 -> 0 | D25: ='Elas V2'!E35 -> 0 | E25: ='Elas V2'!F35 -> 0 | F25: ='Elas V2'!G35 -> 0.15 | G25: ='Elas V2'!H35 -> 0 | I25: 0.17342704 | J25: 0.19568186 | K25: 0.053895097 | L25: 0.69661571 | M25: 0.11767251 | N25: 0.44548428
A26: Nuclear electricity generation | B26: ='Elas V2'!C25 -> 0 | C26: ='Elas V2'!D25 -> 0 | D26: ='Elas V2'!E25 -> 0 | E26: ='Elas V2'!F25 -> 0 | F26: ='Elas V2'!G25 -> 0 | G26: ='Elas V2'!H25 -> 0 | I26: 5.8731935 | J26: 0.68512135 | K26: 0.077267571 | L26: -1.2890339 | M26: 1.4130812 | N26: 0.69859948
A27: Oil-fired electricity generation | B27: ='Elas V2'!C26 -> 0.3 | C27: ='Elas V2'!D26 -> 0 | D27: ='Elas V2'!E26 -> 0 | E27: ='Elas V2'!F26 -> 0 | F27: ='Elas V2'!G26 -> 0.15 | G27: ='Elas V2'!H26 -> 0 | I27: 5.8731935 | J27: 0.68512135 | K27: 0.077267571 | L27: -1.2890339 | M27: 1.4130812 | N27: 0.69859948
A28: Gas-fired electricity generation | B28: =B27 -> 0.3 | C28: =C27 -> 0 | D28: =D27 -> 0 | E28: =E27 -> 0 | F28: =F27 -> 0.15 | G28: =G27 -> 0 | I28: 5.8731935 | J28: 0.68512135 | K28: 0.077267571 | L28: -1.2890339 | M28: 1.4130812 | N28: 0.69859948
A29: Coal-fired electricity generation | B29: =B28 -> 0.3 | C29: =C28 -> 0 | D29: =D28 -> 0 | E29: =E28 -> 0 | F29: =F28 -> 0.15 | G29: =G28 -> 0 | I29: 5.8731935 | J29: 0.68512135 | K29: 0.077267571 | L29: -1.2890339 | M29: 1.4130812 | N29: 0.69859948
A30: Wind electricity generation | B30: =B29 -> 0.3 | C30: =C29 -> 0 | D30: =D29 -> 0 | E30: =E29 -> 0 | F30: =F29 -> 0.15 | G30: =G29 -> 0 | I30: 5.8731935 | J30: 0.68512135 | K30: 0.077267571 | L30: -1.2890339 | M30: 1.4130812 | N30: 0.69859948
A31: Solar electricity generation | B31: =B30 -> 0.3 | C31: =C30 -> 0 | D31: =D30 -> 0 | E31: =E30 -> 0 | F31: =F30 -> 0.15 | G31: =G30 -> 0 | I31: 5.8731935 | J31: 0.68512135 | K31: 0.077267571 | L31: -1.2890339 | M31: 1.4130812 | N31: 0.69859948
A32: Hydroelectric electricity generation | B32: =B31 -> 0.3 | C32: =C31 -> 0 | D32: =D31 -> 0 | E32: =E31 -> 0 | F32: =F31 -> 0.15 | G32: =G31 -> 0 | I32: 5.8731935 | J32: 0.68512135 | K32: 0.077267571 | L32: -1.2890339 | M32: 1.4130812 | N32: 0.69859948
A33: Cogeneration (CHP) electricity generation and other heat supply | B33: =B32 -> 0.3 | C33: =C32 -> 0 | D33: =D32 -> 0 | E33: =E32 -> 0 | F33: =F32 -> 0.15 | G33: =G32 -> 0 | I33: 5.8731935 | J33: 0.68512135 | K33: 0.077267571 | L33: -1.2890339 | M33: 1.4130812 | N33: 0.69859948
A34: Electricity - Others | B34: =B33 -> 0.3 | C34: =C33 -> 0 | D34: =D33 -> 0 | E34: =E33 -> 0 | F34: =F33 -> 0.15 | G34: =G33 -> 0 | I34: 5.8731935 | J34: 0.68512135 | K34: 0.077267571 | L34: -1.2890339 | M34: 1.4130812 | N34: 0.69859948

Sheet Elas V2
C1: KL | D1: KE | E1: KM | F1: LE | G1: LM | H1: EM
A2: 1 | B2: Agriculture, forestry and fishing | C2: 0.5 | D2: 3.4839883 | E2: 0 | F2: 0.29404798 | G2: 0.15 | H2: 0.1
A3: =A2+1 -> 2 | B3: Manufacture of food products and beverages | C3: 0.5 | D3: 9.5214779 | E3: 0 | F3: 0.57419698 | G3: 0.15 | H3: 0
A4: =A3+1 -> 3 | B4: Manufacture of motor vehicles, trailers and semi-trailers | C4: 0.5 | D4: 13.909639 | E4: 0 | F4: 0.78625421 | G4: 0.15 | H4: 0
A5: =A4+1 -> 4 | B5: Manufacture of glass and glass products | C5: 0.5 | D5: 2.4588228 | E5: 0 | F5: 0.24454981 | G5: 0.15 | H5: 0
A6: =A5+1 -> 5 | B6: Manufacture of ceramic products and building materials | C6: 0.5 | D6: 2.4861587 | E6: 0 | F6: 0.33825895 | G6: 0.15 | H6: 0
A7: =A6+1 -> 6 | B7: Manufacture of articles of paper and paperboard | C7: 0.5 | D7: 1.2949615 | E7: 0 | F7: 0.37586403 | G7: 0.15 | H7: 0
A8: =A7+1 -> 7 | B8: Manufacture of inorganic basic chemicals | C8: 0.5 | D8: 1.0564154 | E8: 0 | F8: 0.25523581 | G8: 0.15 | H8: 0
A9: =A8+1 -> 8 | B9: Manufacture of organic basic chemicals | C9: 0.5 | D9: 2.1297633 | E9: 0 | F9: 0.21590451 | G9: 0.15 | H9: 0
A10: =A9+1 -> 9 | B10: Manufacture of plastics products | C10: 0.5 | D10: 6.9778723 | E10: 0 | F10: 0.36003552 | G10: 0.15 | H10: 0
A11: =A10+1 -> 10 | B11: Manufacture of basic iron and steel and of ferro-alloys | C11: 0.5 | D11: 0.98764225 | E11: 0 | F11: 0.57172936 | G11: 0.15 | H11: 0
A12: =A11+1 -> 11 | B12: Manufacture of non-ferrous metals | C12: 0.5 | D12: 9.8181097 | E12: 0 | F12: 0.59986523 | G12: 0.15 | H12: 0
A13: =A12+1 -> 12 | B13: Other industries | C13: 0.5 | D13: 5.058071 | E13: 0 | F13: 0.41545772 | G13: 0.15 | H13: 0
A14: =A13+1 -> 13 | B14: Construction of buildings and Civil engineering | C14: 0.5 | D14: 6.1659006 | E14: 0 | F14: 0.2946071 | G14: 0.15 | H14: 0.1
... A38: =A37+1 -> 37 | B38: 6. Cogeneration (Combined Heat and Power, CHP)+DD12:D43 | C38: 0.3 | D38: 0 | E38: 0 | F38: 0 | G38: 0.15 | H38: 0

Sheet ELAS
A1: Sectors | B1: codes | C1: KL | D1: KE | E1: KM | F1: LE | G1: LM | H1: EM
A2: Agriculture, sylviculture et pêche | B2: cAZ | C2: =[2]Elasticities_NAF17!B2 -> 1.7756746 | D2: =[2]Elasticities_NAF17!C2 -> 0.0077409148 | E2: =[2]Elasticities_NAF17!D2 -> -0.35248862 | F2: =[2]Elasticities_NAF17!E2 -> -13.605251 | G2: =[2]Elasticities_NAF17!F2 -> -0.36568112 | H2: =[2]Elasticities_NAF17!G2 -> 4.1663283
A3: Industries extractives, énergie, eau, gestion des déchets et dépollution | B3: cDE | C3: =[2]Elasticities_NAF17!B3 -> -4.4665073 | D3: =[2]Elasticities_NAF17!C3 -> -3.1423883 | E3: =[2]Elasticities_NAF17!D3 -> -0.12440643 | F3: =[2]Elasticities_NAF17!E3 -> -1.4397274 | G3: =[2]Elasticities_NAF17!F3 -> -1.0361908 | H3: =[2]Elasticities_NAF17!G3 -> -0.76256753
A4: Fabrication de denrées alimentaires, de boissons et de produits à base de tabac | B4: cC1 | C4: =[2]Elasticities_NAF17!B4 -> -0.40614676 | D4: =[2]Elasticities_NAF17!C4 -> -1.5187354 | E4: =[2]Elasticities_NAF17!D4 -> -0.62635141 | F4: =[2]Elasticities_NAF17!E4 -> -2.0896776 | G4: =[2]Elasticities_NAF17!F4 -> -0.56421324 | H4: =[2]Elasticities_NAF17!G4 -> -0.38968347
A5: Cokéfaction et raffinage | B5: cC2 | C5: =[2]Elasticities_NAF17!B5 -> -0.17342704 | D5: =[2]Elasticities_NAF17!C5 -> -0.19568186 | E5: =[2]Elasticities_NAF17!D5 -> -0.053895097 | F5: =[2]Elasticities_NAF17!E5 -> -0.69661571 | G5: =[2]Elasticities_NAF17!F5 -> -0.11767251 | H5: =[2]Elasticities_NAF17!G5 -> -0.44548428
A6: Fabrication d'équipements électriques, électroniques, informatiques ; fabrication de machines | B6: cC3 | C6: =[2]Elasticities_NAF17!B6 -> -0.31585173 | D6: =[2]Elasticities_NAF17!C6 -> -0.38436569 | E6: =[2]Elasticities_NAF17!D6 -> -0.40330645 | F6: =[2]Elasticities_NAF17!E6 -> -0.031825803 | G6: =[2]Elasticities_NAF17!F6 -> -0.66420001 | H6: =[2]Elasticities_NAF17!G6 -> -2.112472
A7: Fabrication de matériels de transport | B7: cC4 | C7: =[2]Elasticities_NAF17!B7 -> 0.0060874452 | D7: =[2]Elasticities_NAF17!C7 -> 0.011638603 | E7: =[2]Elasticities_NAF17!D7 -> 0.00095375887 | F7: =[2]Elasticities_NAF17!E7 -> -2.3455178 | G7: =[2]Elasticities_NAF17!F7 -> -1.1427634 | H7: =[2]Elasticities_NAF17!G7 -> -1.6556384
A8: Fabrication d'autres produits industriels | B8: cC5 | C8: =[2]Elasticities_NAF17!B8 -> -0.57810789 | D8: =[2]Elasticities_NAF17!C8 -> -0.73426434 | E8: =[2]Elasticities_NAF17!D8 -> -0.75161479 | F8: =[2]Elasticities_NAF17!E8 -> -0.0092433593 | G8: =[2]Elasticities_NAF17!F8 -> -0.34637188 | H8: =[2]Elasticities_NAF17!G8 -> -1.4766279
A9: Construction | B9: cFZ | C9: =[2]Elasticities_NAF17!B9 -> -0.50548251 | D9: =[2]Elasticities_NAF17!C9 -> 0.32714918 | E9: =[2]Elasticities_NAF17!D9 -> -0.66061657 | F9: =[2]Elasticities_NAF17!E9 -> -0.075969281 | G9: =[2]Elasticities_NAF17!F9 -> -0.48328179 | H9: =[2]Elasticities_NAF17!G9 -> -3.5312462
A10: Commerce ; réparation d'automobiles et de motocycles | B10: cGZ | C10: =[2]Elasticities_NAF17!B10 -> -0.39638313 | D10: =[2]Elasticities_NAF17!C10 -> -0.56329515 | E10: =[2]Elasticities_NAF17!D10 -> -0.5257152 | F10: =[2]Elasticities_NAF17!E10 -> -0.92689317 | G10: =[2]Elasticities_NAF17!F10 -> -0.30279933 | H10: =[2]Elasticities_NAF17!G10 -> -1.8469414
A11: Transports et entreposage | B11: cHZ | C11: =[2]Elasticities_NAF17!B11 -> -0.3775082 | D11: =[2]Elasticities_NAF17!C11 -> -0.21026928 | E11: =[2]Elasticities_NAF17!D11 -> -0.11591266 | F11: =[2]Elasticities_NAF17!E11 -> -0.54772868 | G11: =[2]Elasticities_NAF17!F11 -> -0.24850467 | H11: =[2]Elasticities_NAF17!G11 -> -2.463153
A12: Hébergement et restauration | B12: cIZ | C12: =[2]Elasticities_NAF17!B12 -> -0.45527078 | D12: =[2]Elasticities_NAF17!C12 -> -0.25185593 | E12: =[2]Elasticities_NAF17!D12 -> -0.62637323 | F12: =[2]Elasticities_NAF17!E12 -> -0.24348303 | G12: =[2]Elasticities_NAF17!F12 -> -0.43495677 | H12: =[2]Elasticities_NAF17!G12 -> -1.8452374
A13: Information et communication | B13: cJZ | C13: =[2]Elasticities_NAF17!B13 -> -0.73528379 | D13: =[2]Elasticities_NAF17!C13 -> -0.61842792 | E13: =[2]Elasticities_NAF17!D13 -> -0.4666739 | F13: =[2]Elasticities_NAF17!E13 -> -0.30480015 | G13: =[2]Elasticities_NAF17!F13 -> -0.16358649 | H13: =[2]Elasticities_NAF17!G13 -> -1.6768037
... A18: Autres activités de services | B18: cRU | C18: =[2]Elasticities_NAF17!B18 -> 0 | D18: =[2]Elasticities_NAF17!C18 -> 0 | E18: =[2]Elasticities_NAF17!D18 -> 0 | F18: =[2]Elasticities_NAF17!E18 -> 0 | G18: =[2]Elasticities_NAF17!F18 -> 0 | H18: =[2]Elasticities_NAF17!G18 -> 0

Sheet produits-secteurs V2-V3
H1: ThreeME V2
B2: Secteurs | C2: V3 | D2: V2 | F2: commentaires | H2: Produits | K2: secteurs
B3: Agriculture and fishing | C3: sagr | D3: 1 | H3: Agriculture, sylviculture et pêche | I3: 1 | K3: Agriculture, sylviculture et pêche | L3: 1
B4: Forestry | C4: sfor | H4: Industrie agro-alimentaire | I4: 2 | K4: Industrie agro-alimentaire | L4: 2
B5: Manufacture of food products and beverages | C5: sfoo | D5: 2 | H5: Automobile | I5: 3 | K5: Automobile | L5: 3
B6: Manufacture of motor vehicles, trailers and semi-trailers | C6: sveh | D6: 3 | H6: FABRICATION DE VERRE ET D ARTICLES EN VE | I6: 4 | K6: FABRICATION DE VERRE ET D ARTICLES EN VE | L6: 4
B7: Manufacture of glass, ceramic and ciment products | C7: sgla | D7: 4 et 5 | F7: ETS | H7: FABRICATION DE PRODUITS CERAMIQUES ET DE | I7: 5 | K7: FABRICATION DE PRODUITS CERAMIQUES ET DE | L7: 5
B8: Manufacture of paper and paperboard | C8: spap | D8: 6 | F8: ETS | H8: Papier ert carton | I8: 6 | K8: Papier ert carton | L8: 6
B9: Manufacture of chemicals | C9: sche | D9: 7 et 8 | F9: ETS | H9: INDUSTRIE CHIMIQUE MINERALE | I9: 7 | K9: INDUSTRIE CHIMIQUE MINERALE | L9: 7
B10: Manufacture of plastics products | C10: spla | D10: 9 | F10: ETS | H10: INDUSTRIE CHIMIQUE ORGANIQUE | I10: 8 | K10: INDUSTRIE CHIMIQUE ORGANIQUE | L10: 8
B11: Metallurgy | C11: smet | D11: 10 et 11 | F11: ETS | H11: TRANSFORMATION DES MATIERES PLASTIQUES | I11: 9 | K11: TRANSFORMATION DES MATIERES PLASTIQUES | L11: 9
B12: Manufacture of other goods for industry | C12: sigo | D12: 12 | H12: SIDERURGIE ET PREMIERE TRANSFORMATION DE | I12: 10 | K12: SIDERURGIE ET PREMIERE TRANSFORMATION DE | L12: 10
B13: Manufacture of other goods for consumers | C13: scgo | D13: 12 | H13: PRODUCTION DE METAUX NON FERREUX | I13: 11 | K13: PRODUCTION DE METAUX NON FERREUX | L13: 11
B14: Construction of buildings and Civil engineering | C14: scon | D14: 13 | H14: Autres | I14: 12 | K14: Autres | L14: 12
B15: Rail transport | C15: srai | D15: 14 | H15: BTP | I15: 13 | K15: BTP | L15: 13
B16: Road transport | C16: sroa | D16: 15 et 16 | H16: TRANSPORTS FERROVIAIRES | I16: 14 | K16: TRANSPORTS FERROVIAIRES | L16: 14
B17: Water transport | C17: swat | D17: 17 | H17: TRANSPORT ROUTIER DE VOYAGEURS | I17: 15 | K17: TRANSPORT ROUTIER DE VOYAGEURS | L17: 15
B18: Air transport | C18: sair | D18: 18 | F18: ETS | H18: TRANSPORT ROUTIER (OU PAR CONDUITES) DE | I18: 16 | K18: TRANSPORT ROUTIER (OU PAR CONDUITES) DE | L18: 16
B19: Business services | C19: spri | D19: 19 | H19: TRANSPORTS PAR EAU | I19: 17 | K19: TRANSPORTS PAR EAU | L19: 17
B20: Public services | C20: spub | D20: 20 | H20: TRANSPORTS AERIENS | I20: 18 | K20: TRANSPORTS AERIENS | L20: 18
B21: Mining | C21: smin | D21: 21 | F21: ETS | H21: Services marchands | I21: 19 | K21: Services marchands | L21: 19
B22: Production of refined oil | C22: soil | D22: 22_1 | E22: TRSF | F22: ETS | H22: Services non marchands | I22: 20 | K22: Services non marchands | L22: 20
B23: Production of biofuel | C23: sbfu | D23: 22_2 | E23: TRSF | F23: ETS | H23: EXTRACTION ET AGGLOMERATION DE LA HOUILL | I23: 21 | K23: EXTRACTION ET AGGLOMERATION DE LA HOUILLE | L23: 21
B24: Distribution of natural gas | C24: sgas | D24: 24_1 | E24: TRSF | F24: ETS | H24: RAFFINAGE DE PETROLE | I24: 22 | K24: pétrole | L24: 22_1
B25: Production and distribution of biogas | C25: sbga | D25: 24_3 | E25: TRSF | F25: ETS | H25: PRODUCTION ET DISTRIBUTION D ELECTRICITE | I25: 23 | K25: biocarburants | L25: 22_2
B26: Nuclear electricity generation | C26: senu | D26: 23_1 | E26: ELE | F26: ETS | H26: PRODUCTION ET DISTRIBUTION DE COMBUSTIBL | I26: 24 | K26: Nucléaire | L26: 23_1
B27: Oil-fired electricity generation | C27: seoi | D27: 23_2 | E27: ELE | F27: ETS | K27: centrale fioul | L27: 23_2
B28: Gas-fired electricity generation | C28: sega | D28: 23_3 | E28: ELE | F28: ETS | K28: centrale combinée gaz | L28: 23_3
B29: Coal-fired electricity generation | C29: seco | D29: 23_4 | E29: ELE | F29: ETS | K29: centrale charbon | L29: 23_4
B30: Wind electricity generation | C30: sewi | D30: 23_5 | E30: ELE | F30: ETS | K30: Eolien | L30: 23_5
B31: Solar electricity generation | C31: seso | D31: 23_6 | E31: ELE | F31: ETS | K31: PV | L31: 23_6
B32: Hydroelectric electricity generation | C32: sehy | D32: 23_7 | E32: ELE | F32: ETS | K32: Hydraulique | L32: 23_7
B33: Cogeneration (CHP) electricity generation and other heat supply | C33: sech | D33: 23_8, 24_4, 24_5, 24,6 | E33: ELE | F33: ETS | K33: cogénération | L33: 23_8
B34: Electricity - Others | C34: seot | E34: ELE | F34: ETS | K34: gaz naturel | L34: 24_1
K35: bois énergie | L35: 24_2
K36: Biogaz | L36: 24_3
K37: UIOM | L37: 24_4
K38: Géothermie | L38: 24_5
K39: cogénération | L39: 24_6
