Workbook
Name formatResults: [1]ResultsEXR10!$A$50

Sheet ELAS
A1: Version | B1: 0 | C1: 0 pour calibrage V2, 1 pour calibrage OFCE
B2: KL | C2: KE | D2: KM | E2: LE | F2: LM | G2: EM
A3: Agriculture and fishing | B3: =OFFSET('Panel of elasticites'!B3,0,6*$B$1) -> 0.5 | C3: =OFFSET('Panel of elasticites'!C3,0,6*$B$1) -> 3.4839883 | D3: =OFFSET('Panel of elasticites'!D3,0,6*$B$1) -> 0 | E3: =OFFSET('Panel of elasticites'!E3,0,6*$B$1) -> 0.29404798 | F3: =OFFSET('Panel of elasticites'!F3,0,6*$B$1) -> 0.15 | G3: =OFFSET('Panel of elasticites'!G3,0,6*$B$1) -> 17.814677
A4: Forestry | B4: =OFFSET('Panel of elasticites'!B4,0,6*$B$1) -> 0.5 | C4: =OFFSET('Panel of elasticites'!C4,0,6*$B$1) -> 3.4839883 | D4: =OFFSET('Panel of elasticites'!D4,0,6*$B$1) -> 0 | E4: =OFFSET('Panel of elasticites'!E4,0,6*$B$1) -> 0.29404798 | F4: =OFFSET('Panel of elasticites'!F4,0,6*$B$1) -> 0.15 | G4: =OFFSET('Panel of elasticites'!G4,0,6*$B$1) -> -6.0545741
A5: Manufacture of food products and beverages | B5: =OFFSET('Panel of elasticites'!B5,0,6*$B$1) -> 0.5 | C5: =OFFSET('Panel of elasticites'!C5,0,6*$B$1) -> 9.5214779 | D5: =OFFSET('Panel of elasticites'!D5,0,6*$B$1) -> 0 | E5: =OFFSET('Panel of elasticites'!E5,0,6*$B$1) -> 0.57419698 | F5: =OFFSET('Panel of elasticites'!F5,0,6*$B$1) -> 0.15 | G5: =OFFSET('Panel of elasticites'!G5,0,6*$B$1) -> -0.38968347
A6: Manufacture of motor vehicles, trailers and semi-trailers | B6: =OFFSET('Panel of elasticites'!B6,0,6*$B$1) -> 0.5 | C6: =OFFSET('Panel of elasticites'!C6,0,6*$B$1) -> 13.909639 | D6: =OFFSET('Panel of elasticites'!D6,0,6*$B$1) -> 0 | E6: =OFFSET('Panel of elasticites'!E6,0,6*$B$1) -> 0.78625421 | F6: =OFFSET('Panel of elasticites'!F6,0,6*$B$1) -> 0.15 | G6: =OFFSET('Panel of elasticites'!G6,0,6*$B$1) -> -3.3413199
A7: Manufacture of glass, ceramic and ciment products | B7: =OFFSET('Panel of elasticites'!B7,0,6*$B$1) -> 0.5 | C7: =OFFSET('Panel of elasticites'!C7,0,6*$B$1) -> 2.4588228 | D7: =OFFSET('Panel of elasticites'!D7,0,6*$B$1) -> 0 | E7: =OFFSET('Panel of elasticites'!E7,0,6*$B$1) -> 0.24454981 | F7: =OFFSET('Panel of elasticites'!F7,0,6*$B$1) -> 0.15 | G7: =OFFSET('Panel of elasticites'!G7,0,6*$B$1) -> 0
A8: Manufacture of paper and paperboard | B8: =OFFSET('Panel of elasticites'!B8,0,6*$B$1) -> 0.5 | C8: =OFFSET('Panel of elasticites'!C8,0,6*$B$1) -> 1.2949615 | D8: =OFFSET('Panel of elasticites'!D8,0,6*$B$1) -> 0 | E8: =OFFSET('Panel of elasticites'!E8,0,6*$B$1) -> 0.37586403 | F8: =OFFSET('Panel of elasticites'!F8,0,6*$B$1) -> 0.15 | G8: =OFFSET('Panel of elasticites'!G8,0,6*$B$1) -> 0
A9: Manufacture of chemicals | B9: =OFFSET('Panel of elasticites'!B9,0,6*$B$1) -> 0.5 | C9: =OFFSET('Panel of elasticites'!C9,0,6*$B$1) -> 1.0564154 | D9: =OFFSET('Panel of elasticites'!D9,0,6*$B$1) -> 0 | E9: =OFFSET('Panel of elasticites'!E9,0,6*$B$1) -> 0.25523581 | F9: =OFFSET('Panel of elasticites'!F9,0,6*$B$1) -> 0.15 | G9: =OFFSET('Panel of elasticites'!G9,0,6*$B$1) -> 0
A10: Manufacture of plastics products | B10: =OFFSET('Panel of elasticites'!B10,0,6*$B$1) -> 0.5 | C10: =OFFSET('Panel of elasticites'!C10,0,6*$B$1) -> 6.9778723 | D10: =OFFSET('Panel of elasticites'!D10,0,6*$B$1) -> 0 | E10: =OFFSET('Panel of elasticites'!E10,0,6*$B$1) -> 0.36003552 | F10: =OFFSET('Panel of elasticites'!F10,0,6*$B$1) -> 0.15 | G10: =OFFSET('Panel of elasticites'!G10,0,6*$B$1) -> 0
A11: Metallurgy | B11: =OFFSET('Panel of elasticites'!B11,0,6*$B$1) -> 0.5 | C11: =OFFSET('Panel of elasticites'!C11,0,6*$B$1) -> 0.98764225 | D11: =OFFSET('Panel of elasticites'!D11,0,6*$B$1) -> 0 | E11: =OFFSET('Panel of elasticites'!E11,0,6*$B$1) -> 0.57172936 | F11: =OFFSET('Panel of elasticites'!F11,0,6*$B$1) -> 0.15 | G11: =OFFSET('Panel of elasticites'!G11,0,6*$B$1) -> 0
A12: Manufacture of other goods for industry | B12: =OFFSET('Panel of elasticites'!B12,0,6*$B$1) -> 0.5 | C12: =OFFSET('Panel of elasticites'!C12,0,6*$B$1) -> 5.058071 | D12: =OFFSET('Panel of elasticites'!D12,0,6*$B$1) -> 0 | E12: =OFFSET('Panel of elasticites'!E12,0,6*$B$1) -> 0.41545772 | F12: =OFFSET('Panel of elasticites'!F12,0,6*$B$1) -> 0.15 | G12: =OFFSET('Panel of elasticites'!G12,0,6*$B$1) -> 0
A13: Manufacture of other goods for consumers | B13: =OFFSET('Panel of elasticites'!B13,0,6*$B$1) -> 0.5 | C13: =OFFSET('Panel of elasticites'!C13,0,6*$B$1) -> 5.058071 | D13: =OFFSET('Panel of elasticites'!D13,0,6*$B$1) -> 0 | E13: =OFFSET('Panel of elasticites'!E13,0,6*$B$1) -> 0.41545772 | F13: =OFFSET('Panel of elasticites'!F13,0,6*$B$1) -> 0.15 | G13: =OFFSET('Panel of elasticites'!G13,0,6*$B$1) -> 0
A14: Construction of buildings and Civil engineering | B14: =OFFSET('Panel of elasticites'!B14,0,6*$B$1) -> 0.5 | C14: =OFFSET('Panel of elasticites'!C14,0,6*$B$1) -> 6.1659006 | D14: =OFFSET('Panel of elasticites'!D14,0,6*$B$1) -> 0 | E14: =OFFSET('Panel of elasticites'!E14,0,6*$B$1) -> 0.2946071 | F14: =OFFSET('Panel of elasticites'!F14,0,6*$B$1) -> 0.15 | G14: =OFFSET('Panel of elasticites'!G14,0,6*$B$1) -> 0.1
... A34: Electricity - Others | B34: =OFFSET('Panel of elasticites'!B34,0,6*$B$1) -> 0.3 | C34: =OFFSET('Panel of elasticites'!C34,0,6*$B$1) -> 0 | D34: =OFFSET('Panel of elasticites'!D34,0,6*$B$1) -> 0 | E34: =OFFSET('Panel of elasticites'!E34,0,6*$B$1) -> 0 | F34: =OFFSET('Panel of elasticites'!F34,0,6*$B$1) -> 0.15 | G34: =OFFSET('Panel of elasticites'!G34,0,6*$B$1) -> 0

Sheet Panel of elasticites
B1: Elasticités V2 | I1: Elasticités estimées par l'OFCE (Malliet, 2021)
B2: KL | C2: KE | D2: KM | E2: LE | F2: LM | G2: EM | I2: KL | J2: KE | K2: KM | L2: LE | M2: LM | N2: EM
A3: Agriculture and fishing | B3: ='[2]Elas V2'!C2 -> 0.5 | C3: ='[2]Elas V2'!D2 -> 3.4839883 | D3: ='[2]Elas V2'!E2 -> 0 | E3: ='[2]Elas V2'!F2 -> 0.29404798 | F3: ='[2]Elas V2'!G2 -> 0.15 | G3: 17.814677 | I3: -1.3532678 | J3: 1.2190107 | K3: 0.74856674 | L3: 26.821276 | M3: 0.36277674 | N3: -17.814677
A4: Forestry | B4: =B3 -> 0.5 | C4: =C3 -> 3.4839883 | D4: =D3 -> 0 | E4: =E3 -> 0.29404798 | F4: =F3 -> 0.15 | G4: -6.0545741 | I4: 0.64417518 | J4: -1.8972875 | K4: 0.62980055 | L4: -0.75269494 | M4: 0.41463909 | N4: 6.0545741
A5: Manufacture of food products and beverages | B5: ='[2]Elas V2'!C3 -> 0.5 | C5: ='[2]Elas V2'!D3 -> 9.5214779 | D5: ='[2]Elas V2'!E3 -> 0 | E5: ='[2]Elas V2'!F3 -> 0.57419698 | F5: ='[2]Elas V2'!G3 -> 0.15 | G5: -0.38968347 | I5: 0.40614676 | J5: 1.5187354 | K5: 0.62635141 | L5: 2.0896776 | M5: 0.56421324 | N5: 0.38968347
A6: Manufacture of motor vehicles, trailers and semi-trailers | B6: ='[2]Elas V2'!C4 -> 0.5 | C6: ='[2]Elas V2'!D4 -> 13.909639 | D6: ='[2]Elas V2'!E4 -> 0 | E6: ='[2]Elas V2'!F4 -> 0.78625421 | F6: ='[2]Elas V2'!G4 -> 0.15 | G6: -3.3413199 | I6: -0.011517846 | J6: -0.022248907 | K6: -0.0017644513 | L6: 4.5883197 | M6: 2.2692635 | N6: 3.3413199
A7: Manufacture of glass, ceramic and ciment products | B7: ='[2]Elas V2'!C5 -> 0.5 | C7: ='[2]Elas V2'!D5 -> 2.4588228 | D7: ='[2]Elas V2'!E5 -> 0 | E7: ='[2]Elas V2'!F5 -> 0.24454981 | F7: ='[2]Elas V2'!G5 -> 0.15 | G7: ='[2]Elas V2'!H5 -> 0 | I7: 0.8745595 | J7: 0.8557464 | K7: 0.6520436 | L7: -0.5985235 | M7: 0.41465782 | N7: 1.4270128
A8: Manufacture of paper and paperboard | B8: ='[2]Elas V2'!C7 -> 0.5 | C8: ='[2]Elas V2'!D7 -> 1.2949615 | D8: ='[2]Elas V2'!E7 -> 0 | E8: ='[2]Elas V2'!F7 -> 0.37586403 | F8: ='[2]Elas V2'!G7 -> 0.15 | G8: ='[2]Elas V2'!H7 -> 0 | I8: 1.534536 | J8: 4.4380852 | K8: 2.3821869 | L8: -2.8824855 | M8: 0.66299289 | N8: 0.024542726
A9: Manufacture of chemicals | B9: ='[2]Elas V2'!C8 -> 0.5 | C9: ='[2]Elas V2'!D8 -> 1.0564154 | D9: ='[2]Elas V2'!E8 -> 0 | E9: ='[2]Elas V2'!F8 -> 0.25523581 | F9: ='[2]Elas V2'!G8 -> 0.15 | G9: ='[2]Elas V2'!H8 -> 0 | I9: 1.0172523 | J9: 1.5502188 | K9: 2.2097207 | L9: 0.70225743 | M9: 0.85283663 | N9: 3.6041733
A10: Manufacture of plastics products | B10: ='[2]Elas V2'!C10 -> 0.5 | C10: ='[2]Elas V2'!D10 -> 6.9778723 | D10: ='[2]Elas V2'!E10 -> 0 | E10: ='[2]Elas V2'!F10 -> 0.36003552 | F10: ='[2]Elas V2'!G10 -> 0.15 | G10: ='[2]Elas V2'!H10 -> 0 | I10: 0.70951635 | J10: 0.6107688 | K10: 0.86938428 | L10: -2.0583658 | M10: 0.69568366 | N10: 2.3974471
A11: Metallurgy | B11: ='[2]Elas V2'!C11 -> 0.5 | C11: ='[2]Elas V2'!D11 -> 0.98764225 | D11: ='[2]Elas V2'!E11 -> 0 | E11: ='[2]Elas V2'!F11 -> 0.57172936 | F11: ='[2]Elas V2'!G11 -> 0.15 | G11: ='[2]Elas V2'!H11 -> 0 | I11: 1.738366 | J11: 1.6396056 | K11: 1.3135533 | L11: -0.29610008 | M11: 0.46487485 | N11: 2.1376487
A12: Manufacture of other goods for industry | B12: ='[2]Elas V2'!C13 -> 0.5 | C12: ='[2]Elas V2'!D13 -> 5.058071 | D12: ='[2]Elas V2'!E13 -> 0 | E12: ='[2]Elas V2'!F13 -> 0.41545772 | F12: ='[2]Elas V2'!G13 -> 0.15 | G12: ='[2]Elas V2'!H13 -> 0 | I12: 1.6082716 | J12: 2.8286595 | K12: 1.9348634 | L12: 6.1539387 | M12: 3.0924631 | N12: 9.4654461
A13: Manufacture of other goods for consumers | B13: ='[2]Elas V2'!C13 -> 0.5 | C13: ='[2]Elas V2'!D13 -> 5.058071 | D13: ='[2]Elas V2'!E13 -> 0 | E13: ='[2]Elas V2'!F13 -> 0.41545772 | F13: ='[2]Elas V2'!G13 -> 0.15 | G13: ='[2]Elas V2'!H13 -> 0 | I13: 0.56622788 | J13: 0.39159638 | K13: 0.63785139 | L13: 1.4212566 | M13: 0.59115365 | N13: 2.4800695
A14: Construction of buildings and Civil engineering | B14: ='[2]Elas V2'!C14 -> 0.5 | C14: ='[2]Elas V2'!D14 -> 6.1659006 | D14: ='[2]Elas V2'!E14 -> 0 | E14: ='[2]Elas V2'!F14 -> 0.2946071 | F14: ='[2]Elas V2'!G14 -> 0.15 | G14: ='[2]Elas V2'!H14 -> 0.1 | I14: 2.0076235 | J14: -0.10686136 | K14: 0.78503017 | L14: 0.8660373 | M14: 0.34255537 | N14: 8.1868508
A15: Rail transport | B15: ='[2]Elas V2'!C15 -> 0.5 | C15: ='[2]Elas V2'!D15 -> 1.1322249 | D15: ='[2]Elas V2'!E15 -> 0 | E15: ='[2]Elas V2'!F15 -> 0 | F15: ='[2]Elas V2'!G15 -> 0.15 | G15: ='[2]Elas V2'!H15 -> 0.1 | I15: 0.40333807 | J15: 0.17358482 | K15: -0.023201449 | L15: 0.09355918 | M15: 0.42325069 | N15: 1.9331279
A16: Road transport | B16: ='[2]Elas V2'!C16 -> 0.5 | C16: ='[2]Elas V2'!D16 -> 0.8540693 | D16: ='[2]Elas V2'!E16 -> 0 | E16: ='[2]Elas V2'!F16 -> 0 | F16: ='[2]Elas V2'!G16 -> 0.15 | G16: ='[2]Elas V2'!H16 -> 0.1 | I16: 0.40333807 | J16: 0.17358482 | K16: -0.023201449 | L16: 0.09355918 | M16: 0.42325069 | N16: 1.9331279
A17: Water transport | B17: ='[2]Elas V2'!C18 -> 0.5 | C17: ='[2]Elas V2'!D18 -> 1.1010167 | D17: ='[2]Elas V2'!E18 -> 0 | E17: ='[2]Elas V2'!F18 -> 0 | F17: ='[2]Elas V2'!G18 -> 0.15 | G17: ='[2]Elas V2'!H18 -> 0.1 | I17: 0.16723547 | J17: 0.067303241 | K17: -0.014453684 | L17: -0.058835322 | M17: 0.10764747 | N17: 3.1314893
A18: Air transport | B18: ='[2]Elas V2'!C19 -> 0.5 | C18: ='[2]Elas V2'!D19 -> 0.81493242 | D18: ='[2]Elas V2'!E19 -> 0 | E18: ='[2]Elas V2'!F19 -> 0 | F18: ='[2]Elas V2'!G19 -> 0.15 | G18: ='[2]Elas V2'!H19 -> 0.1 | I18: 2.3051282 | J18: 2.7482434 | K18: 1.9057094 | L18: 6.9532556 | M18: 1.1147717 | N18: 5.9413302
A19: Business services | B19: ='[2]Elas V2'!C20 -> 0.5 | C19: ='[2]Elas V2'!D20 -> 5.604062 | D19: ='[2]Elas V2'!E20 -> 0 | E19: ='[2]Elas V2'!F20 -> 0.24229441 | F19: ='[2]Elas V2'!G20 -> 0.15 | G19: ='[2]Elas V2'!H20 -> 0.1 | I19: 8.6594372 | J19: 8.917101 | K19: 6.5923896 | L19: 3.0707906 | M19: 7.4838366 | N19: 75.441059
A20: Public services | B20: ='[2]Elas V2'!C21 -> 0.5 | C20: ='[2]Elas V2'!D21 -> 4.908964 | D20: ='[2]Elas V2'!E21 -> 0 | E20: ='[2]Elas V2'!F21 -> 0.16040156 | F20: ='[2]Elas V2'!G21 -> 0.15 | G20: ='[2]Elas V2'!H21 -> 0.1 | I20: 1.9450404 | J20: 15.389647 | K20: 1.2788497 | L20: 15.463368 | M20: 2.236363 | N20: 13.91113
A21: Mining | B21: ='[2]Elas V2'!C22 -> 0.3 | C21: ='[2]Elas V2'!D22 -> 0.42406131 | D21: ='[2]Elas V2'!E22 -> 0 | E21: ='[2]Elas V2'!F22 -> 0 | F21: ='[2]Elas V2'!G22 -> 0.15 | G21: ='[2]Elas V2'!H22 -> 0 | I21: 1.6232461 | J21: 1.139352 | K21: 0.46016056 | L21: -3.7393599 | M21: -0.51902037 | N21: 1.210715
A22: Production of refined oil | B22: ='[2]Elas V2'!C23 -> 0.3 | C22: ='[2]Elas V2'!D23 -> 0 | D22: ='[2]Elas V2'!E23 -> 0 | E22: ='[2]Elas V2'!F23 -> 0 | F22: ='[2]Elas V2'!G23 -> 0.15 | G22: ='[2]Elas V2'!H23 -> 0 | I22: 0.17342704 | J22: 0.19568186 | K22: 0.053895097 | L22: 0.69661571 | M22: 0.11767251 | N22: 0.44548428
A23: Production of biofuel | B23: ='[2]Elas V2'!C24 -> 0.3 | C23: ='[2]Elas V2'!D24 -> 0 | D23: ='[2]Elas V2'!E24 -> 0 | E23: ='[2]Elas V2'!F24 -> 0 | F23: ='[2]Elas V2'!G24 -> 0.15 | G23: ='[2]Elas V2'!H24 -> 0 | I23: 0.17342704 | J23: 0.19568186 | K23: 0.053895097 | L23: 0.69661571 | M23: 0.11767251 | N23: 0.44548428
A24: Distribution of natural gas | B24: ='[2]Elas V2'!C33 -> 0.3 | C24: ='[2]Elas V2'!D33 -> 0 | D24: ='[2]Elas V2'!E33 -> 0 | E24: ='[2]Elas V2'!F33 -> 0 | F24: ='[2]Elas V2'!G33 -> 0.15 | G24: ='[2]Elas V2'!H33 -> 0 | I24: 0.17342704 | J24: 0.19568186 | K24: 0.053895097 | L24: 0.69661571 | M24: 0.11767251 | N24: 0.44548428
A25: Production and distribution of biogas | B25: ='[2]Elas V2'!C35 -> 0.3 | C25: ='[2]Elas V2'!D35 -> 0 | D25: ='[2]Elas V2'!E35 -> 0 | E25: ='[2]Elas V2'!F35 -> 0 | F25: ='[2]Elas V2'!G35 -> 0.15 | G25: ='[2]Elas V2'!H35 -> 0 | I25: 0.17342704 | J25: 0.19568186 | K25: 0.053895097 | L25: 0.69661571 | M25: 0.11767251 | N25: 0.44548428
A26: Nuclear electricity generation | B26: ='[2]Elas V2'!C25 -> 0 | C26: ='[2]Elas V2'!D25 -> 0 | D26: ='[2]Elas V2'!E25 -> 0 | E26: ='[2]Elas V2'!F25 -> 0 | F26: ='[2]Elas V2'!G25 -> 0 | G26: ='[2]Elas V2'!H25 -> 0 | I26: 5.8731935 | J26: 0.68512135 | K26: 0.077267571 | L26: -1.2890339 | M26: 1.4130812 | N26: 0.69859948
A27: Oil-fired electricity generation | B27: ='[2]Elas V2'!C26 -> 0.3 | C27: ='[2]Elas V2'!D26 -> 0 | D27: ='[2]Elas V2'!E26 -> 0 | E27: ='[2]Elas V2'!F26 -> 0 | F27: ='[2]Elas V2'!G26 -> 0.15 | G27: ='[2]Elas V2'!H26 -> 0 | I27: 5.8731935 | J27: 0.68512135 | K27: 0.077267571 | L27: -1.2890339 | M27: 1.4130812 | N27: 0.69859948
A28: Gas-fired electricity generation | B28: =B27 -> 0.3 | C28: =C27 -> 0 | D28: =D27 -> 0 | E28: =E27 -> 0 | F28: =F27 -> 0.15 | G28: =G27 -> 0 | I28: 5.8731935 | J28: 0.68512135 | K28: 0.077267571 | L28: -1.2890339 | M28: 1.4130812 | N28: 0.69859948
A29: Coal-fired electricity generation | B29: =B28 -> 0.3 | C29: =C28 -> 0 | D29: =D28 -> 0 | E29: =E28 -> 0 | F29: =F28 -> 0.15 | G29: =G28 -> 0 | I29: 5.8731935 | J29: 0.68512135 | K29: 0.077267571 | L29: -1.2890339 | M29: 1.4130812 | N29: 0.69859948
A30: Wind electricity generation | B30: =B29 -> 0.3 | C30: =C29 -> 0 | D30: =D29 -> 0 | E30: =E29 -> 0 | F30: =F29 -> 0.15 | G30: =G29 -> 0 | I30: 5.8731935 | J30: 0.68512135 | K30: 0.077267571 | L30: -1.2890339 | M30: 1.4130812 | N30: 0.69859948
A31: Solar electricity generation | B31: =B30 -> 0.3 | C31: =C30 -> 0 | D31: =D30 -> 0 | E31: =E30 -> 0 | F31: =F30 -> 0.15 | G31: =G30 -> 0 | I31: 5.8731935 | J31: 0.68512135 | K31: 0.077267571 | L31: -1.2890339 | M31: 1.4130812 | N31: 0.69859948
A32: Hydroelectric electricity generation | B32: =B31 -> 0.3 | C32: =C31 -> 0 | D32: =D31 -> 0 | E32: =E31 -> 0 | F32: =F31 -> 0.15 | G32: =G31 -> 0 | I32: 5.8731935 | J32: 0.68512135 | K32: 0.077267571 | L32: -1.2890339 | M32: 1.4130812 | N32: 0.69859948
A33: Cogeneration (CHP) electricity generation and other heat supply | B33: =B32 -> 0.3 | C33: =C32 -> 0 | D33: =D32 -> 0 | E33: =E32 -> 0 | F33: =F32 -> 0.15 | G33: =G32 -> 0 | I33: 5.8731935 | J33: 0.68512135 | K33: 0.077267571 | L33: -1.2890339 | M33: 1.4130812 | N33: 0.69859948
A34: Electricity - Others | B34: =B33 -> 0.3 | C34: =C33 -> 0 | D34: =D33 -> 0 | E34: =E33 -> 0 | F34: =F33 -> 0.15 | G34: =G33 -> 0 | I34: 5.8731935 | J34: 0.68512135 | K34: 0.077267571 | L34: -1.2890339 | M34: 1.4130812 | N34: 0.69859948
