Workbook

Sheet Décompo
B1: =[1]Données!C4 -> 42005 | C1: =[1]Données!D4 -> 42370 | D1: =[1]Données!E4 -> 42736 | E1: =[1]Données!F4 -> 43101 | F1: =[1]Données!G4 -> 43466 | G1: =[1]Données!H4 -> 43831 | H1: =[1]Données!I4 -> 44197 | I1: =[1]Données!J4 -> 44562 | ... AZ1: =[1]Données!BA4 -> 60268
A2: Chaîne logistique | B2: =(([2]Données!C5)/100)*-1 -> 0.017105841 | C2: =(([2]Données!D5)/100)*-1 -> 0.020980567 | D2: =(([2]Données!E5)/100)*-1 -> 0.024532546 | E2: =(([2]Données!F5)/100)*-1 -> 0.027517937 | F2: =(([2]Données!G5)/100)*-1 -> 0.029990321 | G2: =(([2]Données!H5)/100)*-1 -> 0.032030281 | H2: =(([2]Données!I5)/100)*-1 -> 0.03373393 | I2: =(([2]Données!J5)/100)*-1 -> 0.035156224 | ... AZ2: =(([2]Données!BA5)/100)*-1 -> 0.066089373
A3: Rendements agricoles | B3: =(([3]Données!C5)/100)*-1 -> 0.017239084 | C3: =(([3]Données!D5)/100)*-1 -> 0.021239935 | D3: =(([3]Données!E5)/100)*-1 -> 0.024891225 | E3: =(([3]Données!F5)/100)*-1 -> 0.027951155 | F3: =(([3]Données!G5)/100)*-1 -> 0.030485007 | G3: =(([3]Données!H5)/100)*-1 -> 0.032584457 | H3: =(([3]Données!I5)/100)*-1 -> 0.034351509 | I3: =(([3]Données!J5)/100)*-1 -> 0.035842064 | ... AZ3: =(([3]Données!BA5)/100)*-1 -> 0.07010285
A4: Température de l'air | B4: =-0.01*[4]Données!C5 -> 0.017296722 | C4: =([4]Données!D5/100)*-1 -> 0.021360027 | D4: =([4]Données!E5/100)*-1 -> 0.025059967 | E4: =([4]Données!F5/100)*-1 -> 0.028155375 | F4: =([4]Données!G5/100)*-1 -> 0.030719479 | G4: =([4]Données!H5/100)*-1 -> 0.032850914 | H4: =([4]Données!I5/100)*-1 -> 0.034655333 | I4: =([4]Données!J5/100)*-1 -> 0.036189098 | J4: =([4]Données!K5/100)*-1 -> 0.037513846 | ... AZ4: =([4]Données!BA5/100)*-1 -> 0.07352834
A5: Mer et inondations | B5: =-0.01*[5]Données!C5 -> 0.017698123 | C5: =-0.01*[5]Données!D5 -> 0.021997653 | D5: =-0.01*[5]Données!E5 -> 0.025847061 | E5: =-0.01*[5]Données!F5 -> 0.029040186 | F5: =-0.01*[5]Données!G5 -> 0.031669712 | G5: =-0.01*[5]Données!H5 -> 0.033845993 | H5: =-0.01*[5]Données!I5 -> 0.035682949 | I5: =-0.01*[5]Données!J5 -> 0.037240735 | ... AZ5: =-0.01*[5]Données!BA5 -> 0.075917522
A6: Dommages | B6: =(([1]Données!C5)/100)*-1 -> 0.01792056 | C6: =(([1]Données!D5)/100)*-1 -> 0.022420987 | D6: =(([1]Données!E5)/100)*-1 -> 0.026391222 | E6: =(([1]Données!F5)/100)*-1 -> 0.029643817 | F6: =(([1]Données!G5)/100)*-1 -> 0.032296916 | G6: =(([1]Données!H5)/100)*-1 -> 0.03448207 | H6: =(([1]Données!I5)/100)*-1 -> 0.036326496 | I6: =(([1]Données!J5)/100)*-1 -> 0.037895725 | ... AZ6: =(([1]Données!BA5)/100)*-1 -> 0.077463988
B8: =B1 -> 42005 | C8: =C1 -> 42370 | D8: =D1 -> 42736 | E8: =E1 -> 43101 | F8: =F1 -> 43466 | G8: =G1 -> 43831 | H8: =H1 -> 44197 | I8: =I1 -> 44562 | ... AZ8: =AZ1 -> 60268
A9: Chaîne logistique | B9: =B2 -> 0.017105841 | C9: =C2 -> 0.020980567 | D9: =D2 -> 0.024532546 | E9: =E2 -> 0.027517937 | F9: =F2 -> 0.029990321 | G9: =G2 -> 0.032030281 | H9: =H2 -> 0.03373393 | I9: =I2 -> 0.035156224 | ... AZ9: =AZ2 -> 0.066089373
A10: Rendements agricoles | B10: =B3-B2 -> 0.00013324322 | C10: =C3-C2 -> 0.00025936784 | D10: =D3-D2 -> 0.00035867934 | E10: =E3-E2 -> 0.00043321761 | F10: =F3-F2 -> 0.00049468668 | G10: =G3-G2 -> 0.00055417555 | H10: =H3-H2 -> 0.00061757907 | I10: =I3-I2 -> 0.00068583963 | ... AZ10: =AZ3-AZ2 -> 0.0040134773
A11: Température de l'air | B11: =B4-B3 -> 5.7638046e-05 | C11: =C4-C3 -> 0.00012009167 | D11: =D4-D3 -> 0.0001687412 | E11: =E4-E3 -> 0.00020421975 | F11: =F4-F3 -> 0.00023447167 | G11: =G4-G3 -> 0.00026645719 | H11: =H4-H3 -> 0.00030382308 | I11: =I4-I3 -> 0.00034703384 | ... AZ11: =AZ4-AZ3 -> 0.0034254898
A12: Mer et inondations | B12: =B5-B4 -> 0.000401401 | C12: =C5-C4 -> 0.00063762563 | D12: =D5-D4 -> 0.0007870945 | E12: =E5-E4 -> 0.00088481089 | F12: =F5-F4 -> 0.0009502335 | G12: =G5-G4 -> 0.00099507894 | H12: =H5-H4 -> 0.001027616 | I12: =I5-I4 -> 0.0010516369 | ... AZ12: =AZ5-AZ4 -> 0.0023891818
A13: Autres risques | B13: =B6-B5 -> 0.00022243723 | C13: =C6-C5 -> 0.00042333457 | D13: =D6-D5 -> 0.00054416068 | E13: =E6-E5 -> 0.00060363111 | F13: =F6-F5 -> 0.00062720325 | G13: =G6-G5 -> 0.00063607743 | H13: =H6-H5 -> 0.00064354706 | I13: =I6-I5 -> 0.00065498998 | ... AZ13: =AZ6-AZ5 -> 0.001546466
B16: -1
