Workbook

Sheet Feuil1
B1: =[1]Données!C4 -> 42005 | C1: =[1]Données!D4 -> 42370 | D1: =[1]Données!E4 -> 42736 | E1: =[1]Données!F4 -> 43101 | F1: =[1]Données!G4 -> 43466 | G1: =[1]Données!H4 -> 43831 | H1: =[1]Données!I4 -> 44197 | I1: =[1]Données!J4 -> 44562 | ... CI1: =[1]Données!CJ4 -> 73051
A2: TC | B2: =[2]Données!C5 -> 0 | C2: =[2]Données!D5 -> 0 | D2: =[2]Données!E5 -> 0 | E2: =[2]Données!F5 -> 0 | F2: =[2]Données!G5 -> 0 | G2: =[2]Données!H5 -> 0 | H2: =[2]Données!I5 -> 0 | I2: =[2]Données!J5 -> -0.082570057 | ... CI2: =[2]Données!CJ5 -> -0.86479592
A3: NZP | B3: =[1]Données!C5 -> 0 | C3: =[1]Données!D5 -> 0.00093052311 | D3: =[1]Données!E5 -> 0.0019761493 | E3: =[1]Données!F5 -> 0.003101249 | F3: =[1]Données!G5 -> 0.004272142 | G3: =[1]Données!H5 -> 0.0054575734 | H3: =[1]Données!I5 -> 0.0134294 | I3: =[1]Données!J5 -> -0.060769779 | ... CI3: =[1]Données!CJ5 -> -6.5793368
B5: 42005 | C5: 42370 | D5: 42736 | E5: 43101 | F5: 43466 | G5: 43831 | H5: 44197 | I5: 44562 | J5: 44927 | K5: 45292 | L5: 45658 | M5: 46023 | N5: 46388 | O5: 46753 | P5: 47119 | Q5: 47484 | R5: 47849 | S5: 48214 | T5: 48580 | U5: 48945 | V5: 49310 | W5: 49675 | X5: 50041 | Y5: 50406 | Z5: 50771 | AA5: 51136 | AB5: 51502 | AC5: 51867 | AD5: 52232 | AE5: 52597 | AF5: 52963 | AG5: 53328 | AH5: 53693 | AI5: 54058 | AJ5: 54424 | AK5: 54789 | AL5: 55154 | AM5: 55519 | AN5: 55885 | AO5: 56250 | AP5: 56615 | AQ5: 56980 | AR5: 57346 | AS5: 57711 | AT5: 58076 | AU5: 58441 | AV5: 58807 | AW5: 59172 | AX5: 59537 | AY5: 59902 | AZ5: 60268 | BA5: 60633 | BB5: 60998 | BC5: 61363 | BD5: 61729 | BE5: 62094 | BF5: 62459 | BG5: 62824 | BH5: 63190 | BI5: 63555 | BJ5: 63920 | BK5: 64285 | BL5: 64651 | BM5: 65016 | BN5: 65381 | BO5: 65746 | BP5: 66112 | BQ5: 66477 | BR5: 66842 | BS5: 67207 | BT5: 67573 | BU5: 67938 | BV5: 68303 | BW5: 68668 | BX5: 69034 | BY5: 69399 | BZ5: 69764 | CA5: 70129 | CB5: 70495 | CC5: 70860 | CD5: 71225 | CE5: 71590 | CF5: 71956 | CG5: 72321 | CH5: 72686 | CI5: 73051
A6: Politique de transition | B6: =B2 -> 0 | C6: =C2 -> 0 | D6: =D2 -> 0 | E6: =E2 -> 0 | F6: =F2 -> 0 | G6: =G2 -> 0 | H6: =H2 -> 0 | I6: =I2 -> -0.082570057 | ... CI6: =CI2 -> -0.86479592
A7: Coût des dommages | B7: =B3-B2 -> 0 | C7: =C3-C2 -> 0.00093052311 | D7: =D3-D2 -> 0.0019761493 | E7: =E3-E2 -> 0.003101249 | F7: =F3-F2 -> 0.004272142 | G7: =G3-G2 -> 0.0054575734 | H7: =H3-H2 -> 0.0134294 | I7: =I3-I2 -> 0.021800279 | ... CI7: =CI3-CI2 -> -5.7145408
A8: Current policies | B8: =B3 -> 0 | C8: =C3 -> 0.00093052311 | D8: =D3 -> 0.0019761493 | E8: =E3 -> 0.003101249 | F8: =F3 -> 0.004272142 | G8: =G3 -> 0.0054575734 | H8: =H3 -> 0.0134294 | I8: =I3 -> -0.060769779 | ... CI8: =CI3 -> -6.5793368
